{
  "fixed_effects": {
    "Intercept": 0.3397773536347936,
    "age_c": 0.05536877870789307,
    "comorbidity_c": 0.30258464723857353
  },
  "ci_lower": {
    "Intercept": -0.07181021219730538,
    "age_c": 0.03634467518296702,
    "comorbidity_c": 0.10360460160665524
  },
  "ci_upper": {
    "Intercept": 0.7513649194668925,
    "age_c": 0.07439288223281912,
    "comorbidity_c": 0.5015646928704918
  },
  "odds_ratios": {
    "Intercept": 1.4046348189092774,
    "age_c": 1.0569303162106085,
    "comorbidity_c": 1.3533522291018305
  },
  "or_ci_lower": {
    "Intercept": 0.9307075159849084,
    "age_c": 1.0370132176194284,
    "comorbidity_c": 1.1091618074044298
  },
  "or_ci_upper": {
    "Intercept": 2.1198915240352383,
    "age_c": 1.0772299468752,
    "comorbidity_c": 1.6513030324231652
  },
  "tau_squared": 0.4606275596158422,
  "icc": 0.1228177812434797,
  "age_mean": 64.75153972693585,
  "comorb_mean": 1.8541666666666667
}